Contact Id,First Name,Last Name,Email,Account Id,Phone,Mobile,Title,Owner Id,Type,Created By,Modified By,Created Time,Modified Time,Full Name,Salutation,Is End User,Street,City,State,Zip,Country,Description,Twitter,Facebook,CRM Contact Id,Secondary Email,Potentials Revenue,Potentials Closing Date,Revenue Received,Customer Since,Layout Id,Language
id,firstName,lastName,email,accountId,phone,mobile,title,ownerId,type,createdBy,modifiedBy,createdTime,modifiedTime,fullName,salutation,isEndUser,street,city,state,zip,country,description,twitter,facebook,crmContactId,secondaryEmail,potentialsRevenue,potentialsClosingDate,revenueReceived,customerSince,layoutId,language
900000000000130001,David,Park,david.park@acmecorp.example.com,900000000000120001,555-1001,,VP of Engineering,900000000000110001,,900000000000110001,900000000000110001,2024-01-05 09:00:00,2024-01-05 09:00:00,David Park,Mr.,true,100 Innovation Blvd,San Francisco,CA,94105,United States,,,,,,,,2023-06-15,,en
900000000000130002,Lisa,Tran,lisa.tran@acmecorp.example.com,900000000000120001,555-1002,,Systems Administrator,900000000000110001,,900000000000110001,900000000000110001,2024-01-05 09:10:00,2024-01-05 09:10:00,Lisa Tran,Ms.,true,100 Innovation Blvd,San Francisco,CA,94105,United States,,,,,,,,2023-06-15,,en
900000000000130003,Robert,Kim,robert.kim@acmecorp.example.com,900000000000120001,555-1003,,IT Director,900000000000110001,,900000000000110001,900000000000110001,2024-01-05 09:20:00,2024-01-05 09:20:00,Robert Kim,Mr.,true,100 Innovation Blvd,San Francisco,CA,94105,United States,,,,,,,,2023-06-15,,en
900000000000130004,Anna,Mueller,anna.mueller@globex.example.com,900000000000120002,555-1004,,Operations Manager,900000000000110002,,900000000000110001,900000000000110001,2024-01-05 09:30:00,2024-01-05 09:30:00,Anna Mueller,Ms.,true,200 Factory Lane,Detroit,MI,48201,United States,,,,,,,,2023-08-01,,en
900000000000130005,Carlos,Reyes,carlos.reyes@globex.example.com,900000000000120002,555-1005,,Production Lead,900000000000110002,,900000000000110001,900000000000110001,2024-01-05 09:40:00,2024-01-05 09:40:00,Carlos Reyes,Mr.,true,200 Factory Lane,Detroit,MI,48201,United States,,,,,,,,2023-08-01,,en
900000000000130006,Michael,Brown,michael.brown@initech.example.com,900000000000120003,555-1006,,CFO,900000000000110003,,900000000000110001,900000000000110001,2024-01-05 10:00:00,2024-01-05 10:00:00,Michael Brown,Mr.,true,300 Commerce St,New York,NY,10001,United States,,,,,,,,2023-04-20,,en
900000000000130007,Jennifer,Liu,jennifer.liu@initech.example.com,900000000000120003,555-1007,,Accounting Manager,900000000000110003,,900000000000110001,900000000000110001,2024-01-05 10:10:00,2024-01-05 10:10:00,Jennifer Liu,Ms.,true,300 Commerce St,New York,NY,10001,United States,,,,,,,,2023-04-20,,en
900000000000130008,Thomas,Anderson,thomas.anderson@umbrella.example.com,900000000000120004,555-1008,,Clinical Director,900000000000110004,,900000000000110001,900000000000110001,2024-01-05 10:20:00,2024-01-05 10:20:00,Thomas Anderson,Mr.,true,400 Health Ave,Boston,MA,02101,United States,,,,,,,,2023-09-10,,en
900000000000130009,Samantha,Wright,samantha.wright@umbrella.example.com,900000000000120004,555-1009,,Nurse Manager,900000000000110004,,900000000000110001,900000000000110001,2024-01-05 10:30:00,2024-01-05 10:30:00,Samantha Wright,Ms.,true,400 Health Ave,Boston,MA,02101,United States,,,,,,,,2023-09-10,,en
900000000000130010,Kevin,O'Brien,kevin.obrien@umbrella.example.com,900000000000120004,555-1010,,IT Manager,900000000000110004,,900000000000110001,900000000000110001,2024-01-05 10:40:00,2024-01-05 10:40:00,Kevin O'Brien,Mr.,true,400 Health Ave,Boston,MA,02101,United States,,,,,,,,2023-09-10,,en
900000000000130011,Rachel,Green,rachel.green@starkent.example.com,900000000000120005,555-1011,,Operations VP,900000000000110005,,900000000000110001,900000000000110001,2024-01-05 11:00:00,2024-01-05 11:00:00,Rachel Green,Ms.,true,500 Energy Dr,Houston,TX,77001,United States,,,,,,,,2023-03-01,,en
900000000000130012,Daniel,Foster,daniel.foster@starkent.example.com,900000000000120005,555-1012,,Field Technician,900000000000110005,,900000000000110001,900000000000110001,2024-01-05 11:10:00,2024-01-05 11:10:00,Daniel Foster,Mr.,true,500 Energy Dr,Houston,TX,77001,United States,,,,,,,,2023-03-01,,en
900000000000130013,Michelle,Santos,michelle.santos@wayne.example.com,900000000000120006,555-1013,,CTO,900000000000110001,,900000000000110001,900000000000110001,2024-01-05 11:20:00,2024-01-05 11:20:00,Michelle Santos,Ms.,true,600 Tech Park,Chicago,IL,60601,United States,,,,,,,,2023-07-15,,en
900000000000130014,Andrew,Taylor,andrew.taylor@wayne.example.com,900000000000120006,555-1014,,Dev Team Lead,900000000000110001,,900000000000110001,900000000000110001,2024-01-05 11:30:00,2024-01-05 11:30:00,Andrew Taylor,Mr.,true,600 Tech Park,Chicago,IL,60601,United States,,,,,,,,2023-07-15,,en
900000000000130015,Jessica,Nguyen,jessica.nguyen@oceanic.example.com,900000000000120007,555-1015,,Fleet Manager,900000000000110002,,900000000000110001,900000000000110001,2024-01-05 11:40:00,2024-01-05 11:40:00,Jessica Nguyen,Ms.,true,700 Airport Rd,Miami,FL,33101,United States,,,,,,,,2023-11-01,,en
900000000000130016,Brian,Cooper,brian.cooper@oceanic.example.com,900000000000120007,555-1016,,Dispatch Coordinator,900000000000110002,,900000000000110001,900000000000110001,2024-01-05 11:50:00,2024-01-05 11:50:00,Brian Cooper,Mr.,true,700 Airport Rd,Miami,FL,33101,United States,,,,,,,,2023-11-01,,en
900000000000130017,Olivia,Martinez,olivia.martinez@piedpiper.example.com,900000000000120008,555-1017,,Head of Product,900000000000110003,,900000000000110001,900000000000110001,2024-01-05 12:00:00,2024-01-05 12:00:00,Olivia Martinez,Ms.,true,800 Startup Way,Palo Alto,CA,94301,United States,,,,,,,,2024-01-01,,en
900000000000130018,Ryan,Hughes,ryan.hughes@piedpiper.example.com,900000000000120008,555-1018,,DevOps Engineer,900000000000110003,,900000000000110001,900000000000110001,2024-01-05 12:10:00,2024-01-05 12:10:00,Ryan Hughes,Mr.,true,800 Startup Way,Palo Alto,CA,94301,United States,,,,,,,,2024-01-01,,en
